{
  "_format": "hh-sol-cache-2",
  "files": {
    "/Users/davidrakosi/GitHub/bts-uniswap-clone/smart_contract/contracts/Transactions.sol": {
      "lastModificationDate": 1644172124267,
      "contentHash": "286c482b7596fd4eb2084a8ff11f905f",
      "sourceName": "contracts/Transactions.sol",
      "solcConfig": {
        "version": "0.8.0",
        "settings": {
          "optimizer": {
            "enabled": false,
            "runs": 200
          },
          "outputSelection": {
            "*": {
              "*": [
                "abi",
                "evm.bytecode",
                "evm.deployedBytecode",
                "evm.methodIdentifiers",
                "metadata"
              ],
              "": [
                "ast"
              ]
            }
          }
        }
      },
      "imports": [],
      "versionPragmas": [
        "^0.8.0"
      ],
      "artifacts": [
        "Transactions"
      ]
    }
  }
}
